rating,movie title
5.0,They Made Me a Criminal (1939)
5.0,Star Kid (1997)
5.0,Someone Else's America (1995)
5.0,Santa with Muscles (1996)
5.0,"Saint of Fort Washington, The (1993)"
5.0,Prefontaine (1997)
5.0,Mondo (1996)
5.0,Marlene Dietrich: Shadow and Light (1996) 
5.0,"Letter From Death Row, A (1998)"
5.0,"Great Day in Harlem, A (1994)"
5.0,For the Moment (1994)
5.0,Angel Baby (1995)
4.628123129921673,Mina Tannenbaum (1994)
4.602250519657276,Maya Lin: A Strong Clear Vision (1994)
4.580466309980731,Pather Panchali (1955)
4.555487244308368,Bitter Sugar (Azucar Amargo) (1996)
4.546244327608635,"Wrong Trousers, The (1993)"
4.523215573949439,"Close Shave, A (1995)"
4.501380880563954,Everest (1998)
4.488785072682901,Schindler's List (1993)
4.46807400984019,Casablanca (1942)
4.463694393724382,"Shawshank Redemption, The (1994)"
4.462655322621843,Two or Three Things I Know About Her (1966)
4.4291221818490945,12 Angry Men (1957)
4.416200938048292,Rear Window (1954)
4.4016127028582295,Hard Eight (1996)
4.38749573496802,Some Mother's Son (1996)
4.3865480061664845,Wallace & Gromit: The Best of Aardman Animation (1996)
4.3811941036115,To Kill a Mockingbird (1962)
4.365869341888146,"Godfather, The (1972)"
4.3566549662325365,"Magic Hour, The (1998)"
4.356622808167575,"Empire Strikes Back, The (1980)"
4.341795326692096,"Silence of the Lambs, The (1991)"
4.325355937782374,"Third Man, The (1949)"
4.32304303800795,Duoluo tianshi (1995)
4.320694517531821,Citizen Kane (1941)
4.306744066252906,Some Folks Call It a Sling Blade (1993)
4.302066620127254,Crossfire (1947)
4.301814729054014,Cinema Paradiso (1988)
4.2980732460160445,"Visitors, The (Visiteurs, Les) (1993)"
4.297211242535799,A Chef in Love (1996)
4.290825224963366,"Bridge on the River Kwai, The (1957)"
4.290312806569408,Vertigo (1958)
4.287464014425816,One Flew Over the Cuckoo's Nest (1975)
4.284707285085588,Good Will Hunting (1997)
4.283679640398542,Shall We Dance? (1996)
4.2825797402655,North by Northwest (1959)
4.273277084383124,Secrets & Lies (1996)
4.273184192175426,Cosi (1996)
4.261175817030538,When We Were Kings (1996)
4.251484874930489,Sling Blade (1996)
4.23916217456435,"Godfather: Part II, The (1974)"
4.226434099951069,Henry V (1989)
4.226356247307343,"Boot, Das (1981)"
4.215683469933768,Boy's Life 2 (1997)
4.214150071510398,Waiting for Guffman (1996)
4.211693078300984,Chinatown (1974)
4.208630459009318,Lawrence of Arabia (1962)
4.197707170647209,Guantanamera (1994)
4.195872799243773,Mr. Smith Goes to Washington (1939)
4.191283159557432,Amadeus (1984)
4.188299926442566,"Quiet Room, The (1996)"
4.1777124326287165,"Philadelphia Story, The (1940)"
4.177109703213847,Raise the Red Lantern (1991)
4.176622745336388,Roman Holiday (1953)
4.1701983848961595,Ran (1985)
4.169743059419005,Titanic (1997)
4.1694645969586785,"Thin Man, The (1934)"
4.165536187186276,Priest (1994)
4.16177666512207,Fargo (1996)
4.161021072277452,Taxi Driver (1976)
4.1593159061411376,Paths of Glory (1957)
4.154865838325228,Psycho (1960)
4.1540806646161865,High Noon (1952)
4.1494022047633665,Fresh (1994)
4.147885836967463,Jean de Florette (1986)
4.1456852119727206,Eat Drink Man Woman (1994)
4.144997266049627,Meet John Doe (1941)
4.1440050263716515,Stalingrad (1993)
4.14144351255078,"African Queen, The (1951)"
4.1381667853090836,"Postino, Il (1994)"
4.1380891536067645,Braveheart (1995)
4.137228159380997,Love Serenade (1996)
4.136935260432116,Schizopolis (1996)
4.13592960093598,Hoop Dreams (1994)
4.132605323717794,Blade Runner (1982)
4.125238475046172,Lone Star (1996)
4.12439762591702,Some Like It Hot (1959)
4.123226346136326,Hamlet (1996)
4.122393390040152,Arsenic and Old Lace (1944)
4.120999953434133,"Maltese Falcon, The (1941)"
4.1208149359972275,"Grand Day Out, A (1992)"
4.120442330232545,"Affair to Remember, An (1957)"
4.118777284023754,Laura (1944)
4.115368561726833,It's a Wonderful Life (1946)
4.111642707577357,"Boys, Les (1997)"
4.110785231396918,As Good As It Gets (1997)
4.108520400830849,Return of the Jedi (1983)
4.108017800037895,"Graduate, The (1967)"
4.10429098348415,Once Were Warriors (1994)
4.100475565571894,Glory (1989)
4.094207418636363,"Killing Fields, The (1984)"
4.092693387077625,Pulp Fiction (1994)
4.09229293807321,Local Hero (1983)
4.091525929206561,"Big Sleep, The (1946)"
4.091052011621883,Singin' in the Rain (1952)
4.088513912229056,Antonia's Line (1995)
4.086909065403365,Kolya (1996)
4.086879673858905,Before the Rain (Pred dozhdot) (1994)
4.085581463513426,"Man Who Would Be King, The (1975)"
4.085420972712234,Alien (1979)
4.083708124025928,Raging Bull (1980)
4.081958028990723,Lost Horizon (1937)
4.0816368637554765,Faust (1994)
4.081627269583218,"Quiet Man, The (1952)"
4.080608610688185,Flirt (1995)
4.076347907480872,To Catch a Thief (1955)
4.072193728084408,Apocalypse Now (1979)
4.0710422090902725,Persuasion (1995)
4.065451623072305,"Room with a View, A (1986)"
4.065146496714167,So Dear to My Heart (1949)
4.063184631097615,Nikita (La Femme Nikita) (1990)
4.061794020267836,Sunset Blvd. (1950)
4.061591803724101,Manon of the Spring (Manon des sources) (1986)
4.060376590156941,Apt Pupil (1998)
4.058588072762918,Monty Python and the Holy Grail (1974)
4.057096483080159,Gabbeh (1996)
4.055148742912653,Kaspar Hauser (1993)
4.054630260441947,Sense and Sensibility (1995)
4.054568187991819,Braindead (1992)
4.053680885357654,Margaret's Museum (1995)
4.053026077849215,Much Ado About Nothing (1993)
4.051982354929147,Terminator 2: Judgment Day (1991)
4.051299148622846,All About Eve (1950)
4.050910424781401,Cool Hand Luke (1967)
4.044109640800505,Paris Is Burning (1990)
4.0407604307692475,"Wizard of Oz, The (1939)"
4.038535402218963,Being There (1979)
4.03794516532359,Aliens (1986)
4.037511642900428,Top Hat (1935)
4.03213358142771,"Mrs. Brown (Her Majesty, Mrs. Brown) (1997)"
4.025697484411186,Harold and Maude (1971)
4.0242839071254055,My Life as a Dog (Mitt liv som hund) (1985)
4.022555829523017,"Great Escape, The (1963)"
4.022545161954594,Cat on a Hot Tin Roof (1958)
4.022003527097662,Gandhi (1982)
4.02128174625568,His Girl Friday (1940)
4.018342550662533,Duck Soup (1933)
4.016606310477539,Thirty-Two Short Films About Glenn Gould (1993)
4.016572145966051,"Fugitive, The (1993)"
4.009171184962225,Rebecca (1940)
4.008842475530686,Notorious (1946)
4.00553206485766,"Haunted World of Edward D. Wood Jr., The (1995)"
4.004619079139234,M (1931)
4.003818393511063,"Treasure of the Sierra Madre, The (1948)"
4.003737145714008,"Wonderful, Horrible Life of Leni Riefenstahl, The (1993)"
4.0,Wings of Courage (1995)
4.0,Window to Paris (1994)
4.0,The Innocent (1994)
4.0,"Stranger, The (1994)"
4.0,Stonewall (1995)
4.0,"Spanish Prisoner, The (1997)"
4.0,"Show, The (1995)"
4.0,"Run of the Country, The (1995)"
4.0,Open Season (1996)
4.0,"Object of My Affection, The (1998)"
4.0,Mamma Roma (1962)
4.0,Lady of Burlesque (1943)
4.0,Killer: A Journal of Murder (1995)
4.0,Jupiter's Wife (1994)
4.0,"Journey of August King, The (1995)"
4.0,"Innocents, The (1961)"
4.0,I Don't Want to Talk About It (De eso no se habla) (1993)
4.0,He Walked by Night (1948)
4.0,"Gate of Heavenly Peace, The (1995)"
4.0,Farmer & Chase (1995)
4.0,Death in Brunswick (1991)
4.0,Daniel Defoe's Robinson Crusoe (1996)
4.0,"Damsel in Distress, A (1937)"
4.0,"Cérémonie, La (1995)"
4.0,Celestial Clockwork (1994)
4.0,Captives (1994)
4.0,"Butcher Boy, The (1998)"
4.0,Brothers in Trouble (1995)
4.0,"Big Bang Theory, The (1994)"
4.0,Anna (1996)
4.0,American Dream (1990)
4.0,8 Heads in a Duffel Bag (1997)
3.9993476877538128,"Remains of the Day, The (1993)"
3.9977736748279913,Reservoir Dogs (1992)
3.996764280141866,Infinity (1996)
3.9943440971240824,It Happened One Night (1934)
3.993764191795168,Belle de jour (1967)
3.99335925415737,Brassed Off (1996)
3.992431926035528,Searching for Bobby Fischer (1993)
3.9911937795607453,"Christmas Carol, A (1938)"
3.9906067790277797,For Whom the Bell Tolls (1943)
3.9905248494637493,"Garden of Finzi-Contini, The (Giardino dei Finzi-Contini, Il) (1970)"
3.9898350555404343,Strictly Ballroom (1992)
3.9890251947186863,Wings of Desire (1987)
3.9889729856156846,Four Days in September (1997)
3.9870399756025474,Sophie's Choice (1982)
3.9854885827859174,"Apartment, The (1960)"
3.9804844985629564,Amistad (1997)
3.9804057505216672,"Right Stuff, The (1983)"
3.9799351119025013,2001: A Space Odyssey (1968)
3.9788626564966845,"Terminator, The (1984)"
3.9767449751202752,Hugo Pool (1997)
3.976259707885631,Enchanted April (1991)
3.9757813186240294,GoodFellas (1990)
3.9748335436211155,"Horseman on the Roof, The (Hussard sur le toit, Le) (1995)"
3.9724148218806774,Die Hard (1988)
3.9717058407051553,Microcosmos: Le peuple de l'herbe (1996)
3.9700890948346306,"Last Klezmer: Leopold Kozlowski, His Life and Music, The (1995)"
3.969500229190231,Beautiful Thing (1996)
3.9654365625550687,Year of the Horse (1997)
3.964870080002993,Delicatessen (1991)
3.9637006168816935,Shine (1996)
3.9635135111126383,Farewell My Concubine (1993)
3.9618560282914785,"Die xue shuang xiong (Killer, The) (1989)"
3.9585909927060596,Stripes (1981)
3.9546174881099834,"Good, The Bad and The Ugly, The (1966)"
3.954098805053891,Head Above Water (1996)
3.9494564877401714,"Secret of Roan Inish, The (1994)"
3.947071090662864,Dial M for Murder (1954)
3.9460355443502992,Unforgiven (1992)
3.9460154247347172,Like Water For Chocolate (Como agua para chocolate) (1992)
3.945012078670738,Anne Frank Remembered (1995)
3.9411161138060535,Once Upon a Time in the West (1969)
3.9383995165966925,"Magnificent Seven, The (1954)"
3.936335061654458,My Left Foot (1989)
3.9362604309440363,Babe (1995)
3.936055853805992,M*A*S*H (1970)
3.9357015281444787,"Day the Earth Stood Still, The (1951)"
3.9335258584654276,Ridicule (1996)
3.9318963865696683,This Is Spinal Tap (1984)
3.930690532662875,Indiana Jones and the Last Crusade (1989)
3.930498128758139,Dead Man Walking (1995)
3.929408076205467,Ben-Hur (1959)
3.923522927052824,Young Frankenstein (1974)
3.9229225417504003,Primary Colors (1998)
3.9217336124134374,Trainspotting (1996)
3.9188669716871876,Cold Comfort Farm (1995)
3.913998518046359,East of Eden (1955)
3.9110555294773315,"Great Dictator, The (1940)"
3.9109826131732155,Raising Arizona (1987)
3.909995490549802,"Blues Brothers, The (1980)"
3.9075838953183,Dead Poets Society (1989)
3.9067401324169824,Apollo 13 (1995)
3.9067365336807502,Bonnie and Clyde (1967)
3.9066820345551774,"39 Steps, The (1935)"
3.9041140070544005,Incognito (1997)
3.9016247827720907,True Crime (1995)
3.8951234538230857,"Clockwork Orange, A (1971)"
3.892431805506518,Touch of Evil (1958)
3.8919663717034862,Walking and Talking (1996)
3.8908603430311643,"Maybe, Maybe Not (Bewegte Mann, Der) (1994)"
3.888670389461091,E.T. the Extra-Terrestrial (1982)
3.887921888691462,"Adventures of Robin Hood, The (1938)"
3.887071634990563,"Deer Hunter, The (1978)"
3.885357397214962,Germinal (1993)
3.8852314938863644,My Man Godfrey (1936)
3.8848813982738193,Star Trek: The Wrath of Khan (1982)
3.883247972725149,Seven (Se7en) (1995)
3.882335641979954,Stand by Me (1986)
3.8788538423655106,Spellbound (1945)
3.87768976555522,Shadowlands (1993)
3.8772560728417935,Rosencrantz and Guildenstern Are Dead (1990)
3.8760074191030665,"Birds, The (1963)"
3.8756042037996985,"Hunt for Red October, The (1990)"
3.874879808850981,Shallow Grave (1994)
3.873090348763109,Fantasia (1940)
3.8727696722184097,Ghost in the Shell (Kokaku kidotai) (1995)
3.871222040394013,"Fish Called Wanda, A (1988)"
3.867788244899478,Forrest Gump (1994)
3.8667646973660226,When Harry Met Sally... (1989)
3.8660879376652884,Swingers (1996)
3.863297708709227,Ponette (1996)
3.859790558713681,"Spitfire Grill, The (1996)"
3.8593763422899907,"Women, The (1939)"
3.858473467680249,"Inspector General, The (1949)"
3.8578362129802835,Fried Green Tomatoes (1991)
3.856728506135381,Annie Hall (1977)
3.8538519988253768,Charade (1963)
3.853635551908951,Safe (1995)
3.8535370463618555,"Cry, the Beloved Country (1995)"
3.8522375971795775,Back to the Future (1985)
3.850786726578423,My Fair Lady (1964)
3.850524752474363,Toy Story (1995)
3.8446856679063908,Love in the Afternoon (1957)
3.841222820196228,"Wedding Gift, The (1994)"
3.8409671419350464,Welcome to the Dollhouse (1995)
3.839422639089718,C'est arrivé près de chez vous (1992)
3.838996597115501,Gaslight (1944)
3.8389501262360843,Tom and Huck (1995)
3.8375291975289083,Three Colors: White (1994)
3.8341031644271983,"Wild Bunch, The (1969)"
3.8335641015452415,Clerks (1994)
3.833177512121886,Groundhog Day (1993)
3.8327476629694925,"Murder, My Sweet (1944)"
3.8307682560756935,In the Name of the Father (1993)
3.8305583348768693,Cyrano de Bergerac (1990)
3.828712468452872,Platoon (1986)
3.828690424272444,"Slingshot, The (1993)"
3.8285079938557263,Brazil (1985)
3.8259944448729115,Dances with Wolves (1990)
3.8247716248830725,Kim (1950)
3.8245408068952025,Paradise Lost: The Child Murders at Robin Hood Hills (1996)
3.8238903432845213,Giant (1956)
3.821079154222233,"Shining, The (1980)"
3.8198773852158814,Contact (1997)
3.8175646095225484,Bound (1996)
3.816015955831776,Looking for Richard (1996)
3.8148085210834846,Diva (1981)
3.813286488172159,Forbidden Planet (1956)
3.8111321654314527,Gone with the Wind (1939)
3.8110659147325125,"Jerky Boys, The (1994)"
3.8109424731413952,"Gay Divorcee, The (1934)"
3.810420659133755,Strawberry and Chocolate (Fresa y chocolate) (1993)
3.8083870860195437,Manhattan (1979)
3.8057550421883435,Beat the Devil (1954)
3.804617071666279,Twelve Monkeys (1995)
3.802494340138584,To Be or Not to Be (1942)
3.800049501518738,"Madness of King George, The (1994)"
3.799578246003877,Philadelphia (1993)
3.798480325228238,Sleeper (1973)
3.797408896174438,Mr. Holland's Opus (1995)
3.79550873127374,Shanghai Triad (Yao a yao yao dao waipo qiao) (1995)
3.794736117640532,Burnt By the Sun (1994)
3.793367862574209,Jaws (1975)
3.79123395032415,Picnic (1955)
3.790011760167432,Hotel de Love (1996)
3.7894190750686922,"Cement Garden, The (1993)"
3.788067968363882,8 1/2 (1963)
3.786456835550972,Bottle Rocket (1996)
3.7860977134814644,"Farewell to Arms, A (1932)"
3.785971817779365,"Misérables, Les (1995)"
3.785878177837583,My Family (1995)
3.7845185018048997,Breaking the Waves (1996)
3.78359984409615,Sabrina (1954)
3.782294710773739,Beauty and the Beast (1991)
3.780175828889695,"Scarlet Letter, The (1995)"
3.7789242205128053,"Bronx Tale, A (1993)"
3.77834420561704,In the Company of Men (1997)
3.7728716932425894,"Return of Martin Guerre, The (Retour de Martin Guerre, Le) (1982)"
3.7703184166153934,Monty Python's Life of Brian (1979)
3.7673038442199918,Living in Oblivion (1995)
3.7672893950066224,Nico Icon (1995)
3.7669348376365526,Night on Earth (1991)
3.7651662721029635,Eve's Bayou (1997)
3.763307528131228,Down by Law (1986)
3.762729045731179,Short Cuts (1993)
3.7621738822794777,"Big Lebowski, The (1998)"
3.757221084825003,In the Bleak Midwinter (1995)
3.75620629053923,Willy Wonka and the Chocolate Factory (1971)
3.7561732504692595,Bringing Up Baby (1938)
3.753020765787097,Kissed (1996)
3.7524203863886285,Double Happiness (1994)
3.752307451802314,Field of Dreams (1989)
3.7507033451544745,Dangerous Beauty (1998)
3.7491779931789435,Richard III (1995)
3.7490942807624026,Rosewood (1997)
3.7489021879926576,Rebel Without a Cause (1955)
3.748894334418528,Winnie the Pooh and the Blustery Day (1968)
3.7482257504124563,Men in Black (1997)
3.747311869879858,Bullets Over Broadway (1994)
3.746893366530983,"Grass Harp, The (1995)"
3.746239134057414,Grosse Pointe Blank (1997)
3.74443540660028,"Professional, The (1994)"
3.744255405770317,When the Cats Away (Chacun cherche son chat) (1996)
3.7430857209090806,"Umbrellas of Cherbourg, The (Parapluies de Cherbourg, Les) (1964)"
3.7425354588105866,Far From Home: The Adventures of Yellow Dog (1995)
3.7374796070030163,Crumb (1994)
3.7371498809544974,Trust (1990)
3.7367045231135676,"Apostle, The (1997)"
3.7339620070797155,Nobody's Fool (1994)
3.7338560168423656,Heathers (1989)
3.7307008827249657,Bananas (1971)
3.7276310163337536,Citizen Ruth (1996)
3.7276195809211297,Face/Off (1997)
3.7273910039399776,Mediterraneo (1991)
3.7267011226993203,"Flower of My Secret, The (Flor de mi secreto, La) (1995)"
3.726302779472531,"Paris, Texas (1984)"
3.724683151111632,"Fille seule, La (A Single Girl) (1995)"
3.724349585922184,Unzipped (1995)
3.7225478514783075,Bob Roberts (1992)
3.715186138891929,"Whole Wide World, The (1996)"
3.713294885493568,True Romance (1993)
3.7116130508883534,"Sound of Music, The (1965)"
3.7085675764494295,Dream With the Fishes (1997)
3.7080810740042853,Telling Lies in America (1997)
3.7068827214082427,Four Weddings and a Funeral (1994)
3.7067176619315734,In the Line of Fire (1993)
3.7013346272518635,"Last Time I Saw Paris, The (1954)"
3.7010764749166807,"Adventures of Priscilla, Queen of the Desert, The (1994)"
3.7006645983377076,"Jungle Book, The (1994)"
3.6990205393302356,"Sweet Hereafter, The (1997)"
3.69862048759479,"Daytrippers, The (1996)"
3.6931373837153934,Walkabout (1971)
3.6925153191644355,"Fast, Cheap & Out of Control (1997)"
3.689302635054289,Flirting With Disaster (1996)
3.68879283208915,Two Deaths (1995)
3.6885953297475624,Casino (1995)
3.686477172796381,Mary Poppins (1964)
3.6854857090799062,Quiz Show (1994)
3.6845264374749904,Snow White and the Seven Dwarfs (1937)
3.682684732746414,unknown
3.6821039540300795,Manhattan Murder Mystery (1993)
3.6794728600146307,Father of the Bride (1950)
3.6741048321268037,"Wings of the Dove, The (1997)"
3.6722332079505304,Emma (1996)
3.672036714986286,Full Metal Jacket (1987)
3.6673937569444233,Around the World in 80 Days (1956)
3.667088953062644,Bitter Moon (1992)
3.665041452847794,Jerry Maguire (1996)
3.663972728913366,"American in Paris, An (1951)"
3.662708131259945,Ed Wood (1994)
3.6619141337549648,Miller's Crossing (1990)
3.659166338199062,Othello (1995)
3.65904017763288,Dave (1993)
3.658510150743065,Swimming with Sharks (1995)
3.6580886107907227,"Perfect World, A (1993)"
3.656984650918056,"Story of Xinghua, The (1993)"
3.655811558527932,Jackie Brown (1997)
3.6553710628647464,"Return of the Pink Panther, The (1974)"
3.6538018454357646,Crooklyn (1994)
3.652257101777733,"Lion King, The (1994)"
3.6501615037822748,Don Juan DeMarco (1995)
3.6496102817636498,Some Kind of Wonderful (1987)
3.6495676978388527,Crimson Tide (1995)
3.648394466987009,"Bewegte Mann, Der (1994)"
3.646356289963986,Get Shorty (1995)
3.6461758315704564,Dead Man (1995)
3.644127533914448,What's Love Got to Do with It (1993)
3.6438859110237316,"Man in the Iron Mask, The (1998)"
3.6417720894520036,Circle of Friends (1995)
3.640722393349609,"Celluloid Closet, The (1995)"
3.6405940520406985,Jurassic Park (1993)
3.63870882357465,Six Degrees of Separation (1993)
3.635510788415682,Moll Flanders (1996)
3.6354888127248075,"Thin Blue Line, The (1988)"
3.6289148839249674,"Queen Margot (Reine Margot, La) (1994)"
3.6178028223095158,Vanya on 42nd Street (1994)
3.616660519403923,Widows' Peak (1994)
3.61516378157266,Better Off Dead... (1985)
3.6131533123770043,Star Trek: First Contact (1996)
3.6121821852713527,Alice in Wonderland (1951)
3.611960282999905,"Ice Storm, The (1997)"
3.611787740002232,Speed (1994)
3.611707639036831,Breakfast at Tiffany's (1961)
3.608694602529668,"War Room, The (1993)"
3.605317587149164,"Candidate, The (1972)"
3.6050726861949096,"Little Princess, A (1995)"
3.603487716385906,"American President, The (1995)"
3.6026619716353543,Soul Food (1997)
3.6026576633576717,Real Genius (1985)
3.602264957656279,"Pillow Book, The (1995)"
3.6017592939155794,"American Werewolf in London, An (1981)"
3.6016018204706803,"Family Thing, A (1996)"
3.601020853308288,My Favorite Year (1982)
3.599582441500168,"Mark of Zorro, The (1940)"
3.597045182415802,Ninotchka (1939)
3.5959032572682137,Tombstone (1993)
3.5940202227966047,Desperado (1995)
3.591355015381741,"Boys of St. Vincent, The (1993)"
3.5910002412724054,"Ruling Class, The (1972)"
3.589548793516953,"Red Firecracker, Green Firecracker (1994)"
3.5895422492969016,Pinocchio (1940)
3.5888344513473904,Heavenly Creatures (1994)
3.5877884780756877,"Rock, The (1996)"
3.5872486871242812,Little Women (1994)
3.586096054514173,"Horse Whisperer, The (1998)"
3.5857036482101856,Shall We Dance? (1937)
3.5838590672710993,Miracle on 34th Street (1994)
3.5810252221083267,"Crying Game, The (1992)"
3.580825933169502,Rob Roy (1995)
3.5792112859814784,Red Rock West (1992)
3.5780160720825664,"Hudsucker Proxy, The (1994)"
3.576659950147911,Jane Eyre (1996)
3.57055233172719,Madame Butterfly (1995)
3.5693111204873227,On Golden Pond (1981)
3.568614079690499,"Enfer, L' (1994)"
3.568299121303013,Ed's Next Move (1996)
3.5666684076878865,Caught (1996)
3.564603040776641,Foreign Correspondent (1940)
3.5639326005093057,Funny Face (1957)
3.562819629724337,"People vs. Larry Flynt, The (1996)"
3.5627766233771445,Angels and Insects (1995)
3.5606847413972655,"Nightmare Before Christmas, The (1993)"
3.559709158760688,True Lies (1994)
3.5592524883045122,"20,000 Leagues Under the Sea (1954)"
3.5567435082618126,"Tin Drum, The (Blechtrommel, Die) (1979)"
3.5545124290982435,Chungking Express (1994)
3.554145345387767,Sneakers (1992)
3.553946683965252,Army of Darkness (1993)
3.5532940411373963,"Grifters, The (1990)"
3.551788453984156,Old Yeller (1957)
3.551132243233496,"Ghost and Mrs. Muir, The (1947)"
3.5494924288745002,It Could Happen to You (1994)
3.549174882873373,"Edge, The (1997)"
3.5483061250262176,"Time to Kill, A (1996)"
3.546934673851466,Ransom (1996)
3.5454276818833184,Paradise Road (1997)
3.537866587192839,Gigi (1958)
3.537809017675766,Kundun (1997)
3.5373996351712815,Exotica (1994)
3.5360785620552577,"Joy Luck Club, The (1993)"
3.5350605634901555,Best Men (1997)
3.5350182044291114,Glengarry Glen Ross (1992)
3.534436149834606,"Blue Angel, The (Blaue Engel, Der) (1930)"
3.5339409879020343,Smoke (1995)
3.5320236190974383,To Live (Huozhe) (1994)
3.5315155218206713,Primal Fear (1996)
3.531490869789717,Love Jones (1997)
3.5312472175954035,"Last of the Mohicans, The (1992)"
3.528397570501234,Cinderella (1950)
3.5263450776640886,Mother Night (1996)
3.5262982160323424,My Own Private Idaho (1991)
3.526192779684797,"Thousand Acres, A (1997)"
3.5261045349153726,Koyaanisqatsi (1983)
3.5254357014500677,Jeffrey (1995)
3.5236666698841184,Highlander (1986)
3.5231127641792894,Brother Minister: The Assassination of Malcolm X (1994)
3.518623291768935,Clueless (1995)
3.5181880077166636,Supercop (1992)
3.5173609250498417,Batman (1989)
3.516572010226801,Restoration (1995)
3.515187241111468,What's Eating Gilbert Grape (1993)
3.5150741502666816,Sleepers (1996)
3.514118825907597,"Sex, Lies, and Videotape (1989)"
3.512807997103248,Night Falls on Manhattan (1997)
3.512389844246916,Marvin's Room (1996)
3.5112373592968806,"Colonel Chabert, Le (1994)"
3.511098281672565,Gold Diggers: The Secret of Bear Mountain (1995)
3.509390137266856,Ma vie en rose (My Life in Pink) (1997)
3.5089013631743495,Private Parts (1997)
3.508253764925104,Bride of Frankenstein (1935)
3.506612012545215,Somewhere in Time (1980)
3.505260228428858,"Piano, The (1993)"
3.5040693485028536,"Truth About Cats & Dogs, The (1996)"
3.502723045270379,Boys (1996)
3.5026127798831115,When a Man Loves a Woman (1994)
3.502461787849805,"Fifth Element, The (1997)"
3.501527211916018,Wag the Dog (1997)
3.501377412051121,Kama Sutra: A Tale of Love (1996)
3.4999413147604073,Immortal Beloved (1994)
3.499550107547574,Sleepless in Seattle (1993)
3.4987410328640585,Courage Under Fire (1996)
3.497681307866572,Dark City (1998)
3.497498307272864,"Abyss, The (1989)"
3.492282080097447,Carried Away (1996)
3.487908873935566,Devil in a Blue Dress (1995)
3.4868799184027153,"Month by the Lake, A (1995)"
3.48603339496911,"Price Above Rubies, A (1998)"
3.4859126499027266,Cape Fear (1962)
3.485857029763476,Clear and Present Danger (1994)
3.4857523135375525,Late Bloomers (1996)
3.484026868793529,"War, The (1994)"
3.483572014867062,Muriel's Wedding (1994)
3.481440321349698,"Substance of Fire, The (1996)"
3.4806138111358553,Fly Away Home (1996)
3.4803729466832567,Dumbo (1941)
3.4799900293627757,Gattaca (1997)
3.4758940249595067,Before Sunrise (1995)
3.47394938873388,Benny & Joon (1993)
3.470600856497314,Hearts and Minds (1996)
3.4699435255015647,Purple Noon (1960)
3.467621826349806,"Body Snatcher, The (1945)"
3.466260772448447,Of Love and Shadows (1994)
3.4659822616795584,"Leading Man, The (1996)"
3.4652917238417,"Beans of Egypt, Maine, The (1994)"
3.46518278675911,"Rainmaker, The (1997)"
3.4651153116535935,King of the Hill (1993)
3.463881919592981,"Secret Garden, The (1993)"
3.4632125639467466,Phenomenon (1996)
3.4627934940439493,One Night Stand (1997)
3.4625632005962705,Orlando (1993)
3.4623045547480635,"Seventh Seal, The (Sjunde inseglet, Det) (1957)"
3.462221357889764,I Can't Sleep (J'ai pas sommeil) (1994)
3.460287159211196,I Shot Andy Warhol (1996)
3.4586632536187767,"Hate (Haine, La) (1995)"
3.4586096407884535,William Shakespeare's Romeo and Juliet (1996)
3.4563598585462967,Blue Sky (1994)
3.4543928369054173,Michael Collins (1996)
3.451497516837344,Men With Guns (1997)
3.449662541014455,Ghost (1990)
3.4494863206641426,"Man Without a Face, The (1993)"
3.44819215439383,Nell (1994)
3.446082325002745,White Squall (1996)
3.4454221802733644,Top Gun (1986)
3.4454008075854867,"Birdcage, The (1996)"
3.4442263936862734,Killing Zoe (1994)
3.4437411974637415,"Cure, The (1995)"
3.4432722534079274,While You Were Sleeping (1995)
3.4416831166695863,Passion Fish (1992)
3.4411267362042595,"Crow, The (1994)"
3.4409115233413616,Legends of the Fall (1994)
3.4399437972239357,"Wedding Singer, The (1998)"
3.439736581712939,Maverick (1994)
3.4392832802884805,"Unbearable Lightness of Being, The (1988)"
3.4368994844294454,Bad Taste (1987)
3.4347595479125665,Twelfth Night (1996)
3.4343130278159464,"Man of No Importance, A (1994)"
3.433493841248652,Ghosts of Mississippi (1996)
3.4323711001077237,"Forbidden Christ, The (Cristo proibito, Il) (1950)"
3.4300800357271894,Now and Then (1995)
3.428779801678089,Beautiful Girls (1996)
3.4276555173197916,Carpool (1996)
3.4274791309231816,Hercules (1997)
3.4270087270016076,"Young Poisoner's Handbook, The (1995)"
3.426142057320798,Stealing Beauty (1996)
3.425993267950917,Once Upon a Time in America (1984)
3.424946187350017,Radioland Murders (1994)
3.424533796109513,Murder in the First (1995)
3.423579304887572,Carrie (1976)
3.423510073492224,Welcome To Sarajevo (1997)
3.422451274589636,"Nosferatu (Nosferatu, eine Symphonie des Grauens) (1922)"
3.4222371735098154,Star Trek IV: The Voyage Home (1986)
3.4206019723533942,Akira (1988)
3.419726614706871,"Star Maker, The (Uomo delle stelle, L') (1995)"
3.419350749810182,"Hour of the Pig, The (1993)"
3.418168687692604,Everyone Says I Love You (1996)
3.417426031997089,"Brothers McMullen, The (1995)"
3.4164858932440088,Victor/Victoria (1982)
3.41518874474213,Love! Valour! Compassion! (1997)
3.4136968017406546,Wonderland (1997)
3.4122954563423566,Palmetto (1998)
3.411102043904277,"Little Princess, The (1939)"
3.409579232420795,Unstrung Heroes (1995)
3.409045478831856,Get on the Bus (1996)
3.408861396760055,Mighty Aphrodite (1995)
3.4054697138551133,"Underneath, The (1995)"
3.4054199904251017,"Devil's Advocate, The (1997)"
3.404661774749687,Scream (1996)
3.403446860489589,That Old Feeling (1997)
3.403174867056111,Switchblade Sisters (1975)
3.3997827010347232,Tomorrow Never Dies (1997)
3.399618907956885,Prisoner of the Mountains (Kavkazsky Plennik) (1996)
3.3988792306671503,Mrs. Doubtfire (1993)
3.3981230611785396,I.Q. (1994)
3.3981191758818814,Mystery Science Theater 3000: The Movie (1996)
3.3977156560881068,Meet Me in St. Louis (1944)
3.3968472862252184,Sabrina (1995)
3.394699099749055,"Wooden Man's Bride, The (Wu Kui) (1994)"
3.394018157514675,Anastasia (1997)
3.393293191953064,Menace II Society (1993)
3.392958960858439,Cape Fear (1991)
3.3884777020244137,That Thing You Do! (1996)
3.387639675803237,"World of Apu, The (Apur Sansar) (1959)"
3.381581644377009,Grease (1978)
3.3814891077832896,Basquiat (1996)
3.3763713300398064,Two Much (1996)
3.3757111307797207,Breakdown (1997)
3.374341286758154,Independence Day (ID4) (1996)
3.3738324190925084,Pink Floyd - The Wall (1982)
3.373425949326995,Jude (1996)
3.372990580193565,Oscar & Lucinda (1997)
3.370999933563576,My Crazy Life (Mi vida loca) (1993)
3.370883313613966,"Swan Princess, The (1994)"
3.3676213812658156,Little Buddha (1993)
3.3667498069816,Carlito's Way (1993)
3.3658491558242347,Pretty Woman (1990)
3.365481477462407,"Age of Innocence, The (1993)"
3.365175328490106,Rudy (1993)
3.364690328600229,Evil Dead II (1987)
3.364010493838325,"Rendezvous in Paris (Rendez-vous de Paris, Les) (1995)"
3.3623279529471386,Die Hard 2 (1990)
3.3619120607646877,Michael (1996)
3.3600046590880837,"Basketball Diaries, The (1995)"
3.35755730698971,Full Speed (1996)
3.356641366570954,"Last Supper, The (1995)"
3.35606341693124,Faithful (1996)
3.3555131007887415,Death and the Maiden (1994)
3.3526841534887364,"Firm, The (1993)"
3.352034745997998,Nelly & Monsieur Arnaud (1995)
3.3507181676831586,"Long Kiss Goodnight, The (1996)"
3.3503253822338706,Swiss Family Robinson (1960)
3.349127740828539,Once Upon a Time... When We Were Colored (1995)
3.3480625628394134,Up in Smoke (1978)
3.3471765124205115,Rumble in the Bronx (1995)
3.3454407571407323,Die Hard: With a Vengeance (1995)
3.3449991260962704,Pump Up the Volume (1990)
3.344814744002505,Across the Sea of Time (1995)
3.344241942437165,Black Beauty (1994)
3.343583475670915,Mrs. Parker and the Vicious Circle (1994)
3.3417320924778906,Stalker (1979)
3.340977526121195,Man of the Year (1995)
3.339490716712508,Blue in the Face (1995)
3.338749284802145,"Simple Twist of Fate, A (1994)"
3.3384638064718004,Deconstructing Harry (1997)
3.3383405533660677,Last Dance (1996)
3.3378001935232686,In & Out (1997)
3.3331375809943604,Cronos (1992)
3.332994341675015,Nina Takes a Lover (1994)
3.332309048610381,Losing Chase (1996)
3.332288403486333,Night Flier (1997)
3.3322165764055125,Austin Powers: International Man of Mystery (1997)
3.3318910026097424,SubUrbia (1997)
3.3315372611021377,My Best Friend's Wedding (1997)
3.330416229891635,Star Trek: Generations (1994)
3.3283487699843253,Nothing to Lose (1994)
3.3274942501586775,Carrington (1995)
3.3269758298600816,Little Lord Fauntleroy (1936)
3.326199953868994,Dolores Claiborne (1994)
3.3246824893918383,Midnight Dancers (Sibak) (1994)
3.324617928248331,Backbeat (1993)
3.3240840193821946,Aparajito (1956)
3.3228663437373807,"Quick and the Dead, The (1995)"
3.3215127484277414,Happy Gilmore (1996)
3.317878739684091,Freeway (1996)
3.3175103220967572,Bread and Chocolate (Pane e cioccolata) (1973)
3.3150215898416437,Night of the Living Dead (1968)
3.3136395884959597,Dazed and Confused (1993)
3.3132019734647087,Inventing the Abbotts (1997)
3.3123045200303878,"Omen, The (1976)"
3.3118366636571985,Cemetery Man (Dellamorte Dellamore) (1994)
3.311668400001866,Traveller (1997)
3.311105534344804,Mallrats (1995)
3.3087238158211,Jackie Chan's First Strike (1996)
3.3032461119974084,Con Air (1997)
3.303165622244865,U Turn (1997)
3.3030182272093325,2 Days in the Valley (1996)
3.3020435618697532,Live Nude Girls (1995)
3.300167018910613,Executive Decision (1996)
3.2999287124708334,Under Siege (1992)
3.299276483475126,Mrs. Dalloway (1997)
3.2980719567264387,How to Make an American Quilt (1995)
3.29501194411112,Lost Highway (1997)
3.294774434916561,"Tango Lesson, The (1997)"
3.2929422079410346,When Night Is Falling (1995)
3.2920190867237307,Clean Slate (Coup de Torchon) (1981)
3.291784933025531,Mercury Rising (1998)
3.291621686012033,Only You (1994)
3.28966069885357,Desperate Measures (1998)
3.2895026156589986,Hear My Song (1991)
3.287803391200603,"Bye Bye, Love (1995)"
3.287642402555994,French Twist (Gazon maudit) (1995)
3.2864651745222493,"Great Race, The (1965)"
3.2856919626847563,Mission: Impossible (1996)
3.28210738550089,Renaissance Man (1994)
3.2811177908905447,Love and Other Catastrophes (1996)
3.2781881362573175,Friday (1995)
3.2765745691285884,"Trigger Effect, The (1996)"
3.276241761657232,Kids (1995)
3.2750711657938782,To Die For (1995)
3.2750261968665626,"Sum of Us, The (1994)"
3.27438071676891,Jumanji (1995)
3.2733114838851822,"Hunchback of Notre Dame, The (1996)"
3.2732848933722227,Grosse Fatigue (1994)
3.272838111355327,Boys Life (1995)
3.2713915243048644,"Perfect Candidate, A (1996)"
3.270632394444231,Conspiracy Theory (1997)
3.270373700553678,Heavy Metal (1981)
3.2693952553391066,French Kiss (1995)
3.267232208153903,Career Girls (1997)
3.2658043906409024,Cop Land (1997)
3.2649482080080774,"Client, The (1994)"
3.264383547039833,"Crossing Guard, The (1995)"
3.262149315912894,Young Guns (1988)
3.2606875751212856,Wild Reeds (1994)
3.2585715832238114,Kiss the Girls (1997)
3.2584573139323028,"Old Man and the Sea, The (1958)"
3.2573806371318788,Three Wishes (1995)
3.253457542085405,Boys on the Side (1995)
3.2513778465638805,In Love and War (1996)
3.2513049656518898,"Band Wagon, The (1953)"
3.250428351631435,"Thieves (Voleurs, Les) (1996)"
3.247896027265203,Star Trek VI: The Undiscovered Country (1991)
3.2448980213341803,Ladybird Ladybird (1994)
3.244713339083652,My Fellow Americans (1996)
3.2437612020880224,Gang Related (1997)
3.243077099521327,Nénette et Boni (1996)
3.2419669007858447,"Frighteners, The (1996)"
3.2414317904968173,"Crucible, The (1996)"
3.2411987037404315,Robin Hood: Prince of Thieves (1991)
3.239170616359131,Rent-a-Kid (1995)
3.2384066269346694,Trees Lounge (1996)
3.2361445386884395,"Sword in the Stone, The (1963)"
3.232731632218064,Go Fish (1994)
3.232221012416262,Drunks (1995)
3.232047407787751,"Big Blue, The (Grand bleu, Le) (1988)"
3.22974807166438,Amateur (1994)
3.227139081088943,Great Expectations (1998)
3.2269658869692144,Kalifornia (1993)
3.225623119090516,"Inkwell, The (1994)"
3.21931702989142,Fearless (1993)
3.217382465681247,M. Butterfly (1993)
3.217240459065989,Kingpin (1996)
3.216396449669314,Forget Paris (1995)
3.2127280620388086,"Mask, The (1994)"
3.2124517881188095,"Postman, The (1997)"
3.212441885088672,"Winter Guest, The (1997)"
3.212276569622567,Naked (1993)
3.211075301561988,Love and a .45 (1994)
3.210091861339078,"Kiss Me, Guido (1997)"
3.2090652101282005,"Three Caballeros, The (1945)"
3.2083198754152797,Things to Do in Denver when You're Dead (1995)
3.208057964684027,Barcelona (1994)
3.2077530320898218,Bram Stoker's Dracula (1992)
3.2064185983303,Matilda (1996)
3.202109234117223,Spanking the Monkey (1994)
3.2014416520098234,Strange Days (1995)
3.1994518750276,Washington Square (1997)
3.1984978724748654,8 Seconds (1994)
3.1964319277112474,Starship Troopers (1997)
3.1961319272276487,"Englishman Who Went Up a Hill, But Came Down a Mountain, The (1995)"
3.195877168702923,Switchback (1997)
3.194768424354806,"Three Musketeers, The (1993)"
3.1923419747399353,"Last Time I Committed Suicide, The (1997)"
3.1921999059785544,"Walk in the Clouds, A (1995)"
3.191510557224364,Fallen (1998)
3.1913536430423624,Tin Cup (1996)
3.188419762600733,What Happened Was... (1994)
3.1879902898156725,"Pompatus of Love, The (1996)"
3.186919739050981,Copycat (1995)
3.1832340868684508,Blink (1994)
3.182286587850442,Extreme Measures (1996)
3.1817750075399154,I'm Not Rappaport (1996)
3.179544048905125,Withnail and I (1987)
3.1773701148940354,Bad Boys (1995)
3.173609176219793,Mute Witness (1994)
3.1735504502874496,Tom & Viv (1994)
3.1732437505771256,Dangerous Minds (1995)
3.1721332433438625,Escape from New York (1981)
3.1714407993653078,Powder (1995)
3.1711659286774885,James and the Giant Peach (1996)
3.170178730330771,"Paper, The (1994)"
3.164555837994593,Bulletproof (1996)
3.1624872049040613,Lamerica (1994)
3.1572512325756343,"Amazing Panda Adventure, The (1995)"
3.1566446144483193,Home for the Holidays (1995)
3.155546786201804,"Ghost and the Darkness, The (1996)"
3.1549166375777,"Assignment, The (1997)"
3.1537430668803226,Tie Me Up! Tie Me Down! (1990)
3.152857353281451,"Shooter, The (1995)"
3.152529798644152,GoldenEye (1995)
3.1519276554035693,"Jackal, The (1997)"
3.1511423057150765,Mother (1996)
3.151076287142083,"Life Less Ordinary, A (1997)"
3.1502438112187394,Basic Instinct (1992)
3.149345281856491,"Promesse, La (1996)"
3.147887926117212,Roommates (1995)
3.1452188697206482,Fierce Creatures (1997)
3.1437453471696646,Gridlock'd (1997)
3.1402050353743145,Malice (1993)
3.139437323755553,Outbreak (1995)
3.139435447277787,Penny Serenade (1941)
3.1392086921210756,Beyond Rangoon (1995)
3.1391635735736636,Feast of July (1995)
3.1390492109148127,With Honors (1994)
3.138547209739679,"Replacement Killers, The (1998)"
3.138043579914626,Absolute Power (1997)
3.137342944669376,Afterglow (1997)
3.1369830169475454,"Steal Big, Steal Little (1995)"
3.1356131345615523,Bed of Roses (1996)
3.134422440955536,Stargate (1994)
3.1334786475085643,"Nightmare on Elm Street, A (1984)"
3.129851500052834,She's the One (1996)
3.1278687516826023,Children of the Revolution (1996)
3.125814972552163,Grace of My Heart (1996)
3.1256751679841615,"Peacemaker, The (1997)"
3.1243667609271086,Palookaville (1996)
3.1233047690147875,"Scarlet Letter, The (1926)"
3.1217228694477877,City Hall (1996)
3.121111995251688,Ayn Rand: A Sense of Life (1997)
3.1178907606606265,"Ref, The (1994)"
3.117816456263003,Set It Off (1996)
3.117699597185948,Interview with the Vampire (1994)
3.11710646657232,"House of Yes, The (1997)"
3.1167442598612993,Conan the Barbarian (1981)
3.1165439701005027,Georgia (1995)
3.1107799957922944,Andre (1994)
3.1087212477900565,"Sixth Man, The (1997)"
3.1076875326933093,Denise Calls Up (1995)
3.1047792142042834,Lost in Space (1998)
3.1042555806527927,"River Wild, The (1994)"
3.1034712242363156,It's My Party (1995)
3.1019669087977433,Tales From the Crypt Presents: Demon Knight (1995)
3.101601475929886,National Lampoon's Senior Trip (1995)
3.0998879906111587,Timecop (1994)
3.0978111850993306,Mad City (1997)
3.0976614926217665,"Search for One-eye Jimmy, The (1996)"
3.0975886818551457,Foxfire (1996)
3.0971478406813353,Nick of Time (1995)
3.0966001279537476,Twister (1996)
3.0956637507289977,Cliffhanger (1993)
3.094647842661144,Demolition Man (1993)
3.092793119678506,"Truman Show, The (1998)"
3.0912699368522514,City of Angels (1998)
3.0870784798590307,Twisted (1996)
3.0868045341796373,To Gillian on Her 37th Birthday (1996)
3.0863653145089307,Wyatt Earp (1994)
3.084685519216632,"Man Who Knew Too Little, The (1997)"
3.0835473280321577,Unforgettable (1996)
3.081456216669248,Wild America (1997)
3.081239306542651,Manny & Lo (1996)
3.080156241061001,Homeward Bound: The Incredible Journey (1993)
3.0799617344390304,Up Close and Personal (1996)
3.078758695544828,Addicted to Love (1997)
3.0774489972085877,"Mirror Has Two Faces, The (1996)"
3.077079376602546,"Cook the Thief His Wife & Her Lover, The (1989)"
3.071053506039518,Princess Caraboo (1994)
3.0697133284619005,Farinelli: il castrato (1994)
3.069681389044224,Flesh and Bone (1993)
3.0671852706150524,187 (1997)
3.066347148052314,"Davy Crockett, King of the Wild Frontier (1955)"
3.065663734153785,Hoodlum (1997)
3.0628030830353925,Sirens (1994)
3.0626454442418116,Star Trek III: The Search for Spock (1984)
3.062258464754998,Picture Bride (1995)
3.061710189114847,"Savage Nights (Nuits fauves, Les) (1992)"
3.0614500597397756,Natural Born Killers (1994)
3.0610767630202242,Love & Human Remains (1993)
3.056733746619459,From Dusk Till Dawn (1996)
3.056125641112351,"Associate, The (1996)"
3.0556685947455042,Ruby in Paradise (1993)
3.053743803461642,"Contempt (Mépris, Le) (1963)"
3.0527323413455147,Scream 2 (1997)
3.0522443449215815,Fear of a Black Hat (1993)
3.052114314942148,"Chamber, The (1996)"
3.043919818811189,So I Married an Axe Murderer (1993)
3.0432861397474906,Star Trek: The Motion Picture (1979)
3.042604112537211,Star Maps (1997)
3.0424482868601705,Maximum Risk (1996)
3.0413636582285206,Tommy Boy (1995)
3.0393803248575484,Swept from the Sea (1997)
3.0391626421496105,Reckless (1995)
3.038232856009157,Private Benjamin (1980)
3.0379771412069743,First Knight (1995)
3.037951019084568,"Adventures of Pinocchio, The (1996)"
3.0356676226832784,Broken English (1996)
3.033192351958637,Faces (1968)
3.0314198406193866,Evita (1996)
3.0287778458733645,Disclosure (1994)
3.0272452304772073,Cool Runnings (1993)
3.0266843617583388,One Fine Day (1996)
3.0265813507194363,"Nutty Professor, The (1996)"
3.025476549966505,"Corrina, Corrina (1994)"
3.0250525041098104,Dumb & Dumber (1994)
3.0242787066205454,Ace Ventura: Pet Detective (1994)
3.0227036635420386,Romy and Michele's High School Reunion (1997)
3.020591604618003,Eraser (1996)
3.0193575206758605,Blood & Wine (1997)
3.0173696060534305,Alien: Resurrection (1997)
3.0167850793575286,Until the End of the World (Bis ans Ende der Welt) (1991)
3.0130751222767755,Tin Men (1987)
3.0122719992754807,Bedknobs and Broomsticks (1971)
3.012179242572195,Surviving Picasso (1996)
3.008712346054957,Unhook the Stars (1996)
3.0086779493545017,Touch (1997)
3.0072475341813623,Hurricane Streets (1998)
3.0038478483322693,Indian Summer (1996)
3.003783659767714,"Santa Clause, The (1994)"
3.0000000000000004,"Wife, The (1995)"
3.0000000000000004,Roseanna's Grave (For Roseanna) (1997)
3.0000000000000004,Mr. Wonderful (1993)
3.0000000000000004,Moonlight and Valentino (1995)
3.0000000000000004,"Day the Sun Turned Cold, The (Tianguo niezi) (1994)"
3.0000000000000004,Commandments (1997)
3.0000000000000004,All Over Me (1997)
3.0,Á köldum klaka (Cold Fever) (1994)
3.0,You So Crazy (1994)
3.0,Two Friends (1986) 
3.0,"Turning, The (1992)"
3.0,Three Lives and Only One Death (1996)
3.0,Target (1995)
3.0,Sweet Nothing (1995)
3.0,"Sunchaser, The (1996)"
3.0,Sleepover (1995)
3.0,"Silence of the Palace, The (Saimt el Qusur) (1994)"
3.0,Scream of Stone (Schrei aus Stein) (1991)
3.0,"Reluctant Debutante, The (1958)"
3.0,Pushing Hands (1992)
3.0,Pie in the Sky (1995)
3.0,Paris Was a Woman (1995)
3.0,"Other Voices, Other Rooms (1997)"
3.0,Nosferatu a Venezia (1986)
3.0,Normal Life (1996)
3.0,My Life and Times With Antonin Artaud (En compagnie d'Antonin Artaud) (1993)
3.0,My Favorite Season (1993)
3.0,Mad Dog Time (1996)
3.0,Love Is All There Is (1996)
3.0,"Lay of the Land, The (1997)"
3.0,Land and Freedom (Tierra y libertad) (1995)
3.0,Johns (1996)
3.0,It Takes Two (1995)
3.0,Intimate Relations (1996)
3.0,I Like It Like That (1994)
3.0,Hana-bi (1997)
3.0,Golden Earrings (1947)
3.0,"Glass Shield, The (1994)"
3.0,Girls Town (1996)
3.0,Fire on the Mountain (1996)
3.0,"Eighth Day, The (1996)"
3.0,Dingo (1992)
3.0,Destiny Turns on the Radio (1995)
3.0,Dadetown (1995)
3.0,Cyclo (1995)
3.0,"Collectionneuse, La (1967)"
3.0,Century (1993)
3.0,"Bonheur, Le (1965)"
3.0,"Big One, The (1997)"
3.0,B. Monkey (1998)
3.0,Angela (1995)
3.0,An Unforgettable Summer (1994)
3.0,American Strays (1996)
2.999122578481079,"Parent Trap, The (1961)"
2.997925186945822,Kicked in the Head (1997)
2.9971212180776425,Nixon (1995)
2.9965286421584514,Smilla's Sense of Snow (1997)
2.9964823879224305,Higher Learning (1995)
2.9961858789581597,Pollyanna (1960)
2.9952505977166264,Clockers (1995)
2.993954820202384,"Aristocats, The (1970)"
2.9876818670310423,Geronimo: An American Legend (1993)
2.9867019681440863,Blues Brothers 2000 (1998)
2.984901657988908,Serial Mom (1994)
2.9846325697405183,"Preacher's Wife, The (1996)"
2.983446708730138,Midnight in the Garden of Good and Evil (1997)
2.9815697336426954,Speechless (1994)
2.9800145432521874,Kiss of Death (1995)
2.9777147362088288,Curdled (1996)
2.9773827043970913,Fear (1996)
2.9721052173715394,Love Affair (1994)
2.971454621829913,Home Alone (1990)
2.967658471603988,"Old Lady Who Walked in the Sea, The (Vieille qui marchait dans la mer, La) (1991)"
2.9674711151558713,Gumby: The Movie (1995)
2.9663934179346807,"Goofy Movie, A (1995)"
2.966079481885198,Kids in the Hall: Brain Candy (1996)
2.96477347188487,"MatchMaker, The (1997)"
2.9646728524903097,Body Snatchers (1993)
2.9644078926457396,Dragonheart (1996)
2.9640542779712025,Robert A. Heinlein's The Puppet Masters (1994)
2.9629528439969404,"Doors, The (1991)"
2.9625643530173926,"Howling, The (1981)"
2.9609654924873507,Junior (1994)
2.959946918808693,Shooting Fish (1997)
2.959221509096808,Balto (1995)
2.9583606803851517,Grumpier Old Men (1995)
2.9542871913245334,"Endless Summer 2, The (1994)"
2.949770453009413,Shiloh (1997)
2.949169305121917,Anna Karenina (1997)
2.9483689982513064,Mortal Kombat (1995)
2.9473044076770445,"Shadow, The (1994)"
2.944060063318251,Something to Talk About (1995)
2.9414385623916215,Judge Dredd (1995)
2.9385613052104254,April Fool's Day (1986)
2.9372920213185063,Romeo Is Bleeding (1993)
2.93523367991387,"Locusts, The (1997)"
2.931956770727473,Escape to Witch Mountain (1975)
2.9304194063337685,Dirty Dancing (1987)
2.9272171259495585,Billy Madison (1995)
2.92540507136302,Two Bits (1995)
2.923128719654418,Wes Craven's New Nightmare (1994)
2.9230731152514955,"Bridges of Madison County, The (1995)"
2.9219140971171855,"Fan, The (1996)"
2.9205438304300473,Girl 6 (1996)
2.9199631918648072,Nine Months (1995)
2.9168472598269437,Mary Shelley's Frankenstein (1994)
2.914346379182233,"Lost World: Jurassic Park, The (1997)"
2.914016771824841,"Kid in King Arthur's Court, A (1995)"
2.9130523700627315,"Prophecy, The (1995)"
2.9091263719309164,Lightning Jack (1994)
2.908500973620418,Rising Sun (1993)
2.9082286452762265,I'll Do Anything (1994)
2.906857481059849,"House of the Spirits, The (1993)"
2.9042192193898146,Tank Girl (1995)
2.901135109043696,Cat People (1982)
2.9010224984533437,Just Cause (1995)
2.899747170434792,Selena (1997)
2.89590798501029,Mulholland Falls (1996)
2.894864364822314,"Perez Family, The (1995)"
2.8916390551448723,Mars Attacks! (1996)
2.88883251458814,Critical Care (1997)
2.888656578547261,Alphaville (1965)
2.8877417670910663,Reality Bites (1994)
2.887501137848675,Cats Don't Dance (1997)
2.887099785155079,"Brady Bunch Movie, The (1995)"
2.886301686949446,"Net, The (1995)"
2.883786457583102,Four Rooms (1995)
2.8807080051282146,Out to Sea (1997)
2.8789888867829316,For Love or Money (1993)
2.87804954592147,"Fox and the Hound, The (1981)"
2.87689960009834,Jade (1995)
2.8752003434754365,Casper (1995)
2.8738824399671343,Angel and the Badman (1947)
2.87225839551302,"Craft, The (1996)"
2.872221438415296,"Browning Version, The (1994)"
2.870999065676104,American Buffalo (1996)
2.870283766065944,Don't Be a Menace to South Central While Drinking Your Juice in the Hood (1996)
2.868202817020846,Cobb (1994)
2.866367574391796,Race the Sun (1996)
2.865795654055498,Mrs. Winterbourne (1996)
2.863181246394166,"White Balloon, The (1995)"
2.861320770393118,Waiting to Exhale (1995)
2.8611409530695724,Broken Arrow (1996)
2.8601280016689725,"Arrival, The (1996)"
2.8586129224380166,Hollow Reed (1996)
2.858558859973951,Waterworld (1995)
2.858012460053097,Hot Shots! Part Deux (1993)
2.855372468087389,Assassins (1995)
2.8535219896234927,"Good Man in Africa, A (1994)"
2.8507800276882866,Sphere (1998)
2.850345149092814,U.S. Marshalls (1998)
2.8503323076196665,Aladdin and the King of Thieves (1996)
2.8470825587901896,Money Talks (1997)
2.8466702005428117,Last Man Standing (1996)
2.8418173526728725,Boomerang (1992)
2.835041817236218,Fools Rush In (1997)
2.8336404892360756,How to Be a Player (1997)
2.831602477456526,"First Wives Club, The (1996)"
2.8306162133583217,In the Mouth of Madness (1995)
2.829254369381713,Above the Rim (1994)
2.8292223669525716,Alien 3 (1992)
2.827831785877031,"Shaggy Dog, The (1959)"
2.8262556362942255,Party Girl (1995)
2.8260162187239253,Jason's Lyric (1994)
2.825964802458248,Firestorm (1998)
2.8252442872784043,Jack (1996)
2.824987649994221,Beavis and Butt-head Do America (1996)
2.819986486926276,Judgment Night (1993)
2.815022797889563,Hard Rain (1998)
2.8136446244319893,'Til There Was You (1997)
2.8130086063378754,Loaded (1994)
2.809669606223456,Houseguest (1994)
2.808123655338776,Species (1995)
2.8072184384656826,Poetic Justice (1993)
2.8055580250884056,Muppet Treasure Island (1996)
2.80119610545206,Rhyme & Reason (1997)
2.7981028271702613,Amos & Andrew (1993)
2.7963392104985907,I Love Trouble (1994)
2.7956193519495147,Losing Isaiah (1995)
2.793493163146361,"Program, The (1993)"
2.7893559709122,Picture Perfect (1997)
2.7877864461550885,Albino Alligator (1996)
2.786991936938559,Addams Family Values (1993)
2.7856005461280264,Total Eclipse (1995)
2.7851332061309506,Naked Gun 33 1/3: The Final Insult (1994)
2.7849468445855625,"Prophecy II, The (1998)"
2.7823585848787693,Dead Presidents (1995)
2.7816716615261794,"Juror, The (1996)"
2.780250363612352,Young Guns II (1990)
2.7781901274154976,"Apple Dumpling Gang, The (1975)"
2.7773358938581203,Warriors of Virtue (1997)
2.7746480285513857,Sliding Doors (1998)
2.773724698277348,"Scout, The (1994)"
2.7735331158078256,Meet Wally Sparks (1997)
2.7673936764367597,Mimic (1997)
2.76730618622487,"Love Bug, The (1969)"
2.7660900724855555,Playing God (1997)
2.7638559245034946,Wild Bill (1995)
2.7631344625634178,Little Big League (1994)
2.762986248905831,Before and After (1996)
2.762909230377764,Bhaji on the Beach (1993)
2.76127104561876,"Air Up There, The (1994)"
2.760727210374083,"Transformers: The Movie, The (1986)"
2.753745187678644,Multiplicity (1996)
2.7517691948066134,Feeling Minnesota (1996)
2.7500454057391144,Fausto (1993)
2.7461457076042595,"To Wong Foo, Thanks for Everything! Julie Newmar (1995)"
2.7451680940079193,Drop Dead Fred (1991)
2.7411385366487098,Faster Pussycat! Kill! Kill! (1965)
2.7363450980820545,"Little Rascals, The (1994)"
2.7361425626076454,Batman Returns (1992)
2.7357490500807353,Metro (1997)
2.734754332466323,Loch Ness (1995)
2.7340686944954045,101 Dalmatians (1996)
2.7291488202808587,Space Jam (1996)
2.7278872160671273,Oliver & Company (1988)
2.7271206171455185,Screamers (1995)
2.7269064631468236,In the Line of Duty 2 (1987)
2.7248603362719375,Little Odessa (1994)
2.720313130147228,Father of the Bride Part II (1995)
2.718347696676139,Miami Rhapsody (1995)
2.717876494784749,Clean Slate (1994)
2.717065711145278,Bogus (1996)
2.716425011221172,Last Action Hero (1993)
2.7107524320147722,"Blob, The (1958)"
2.7094404328688717,"Line King: Al Hirschfeld, The (1996)"
2.7093149550812385,Kicking and Screaming (1995)
2.709267233017523,"Great White Hype, The (1996)"
2.7068106184895218,"Indian in the Cupboard, The (1995)"
2.70403292694895,Jimmy Hollywood (1994)
2.702041574990716,Kull the Conqueror (1997)
2.7001810354167732,Burnt Offerings (1976)
2.6975016541330126,Blown Away (1994)
2.6965521379218567,Angus (1995)
2.6963047765752526,Exit to Eden (1994)
2.6939111698080827,Johnny Mnemonic (1995)
2.693114872806448,Angels in the Outfield (1994)
2.692170821441491,Blood For Dracula (Andy Warhol's Dracula) (1974)
2.6887591640347765,Nowhere (1997)
2.687119569278426,Threesome (1994)
2.686183729234407,Tales from the Crypt Presents: Bordello of Blood (1996)
2.683851447187211,She's So Lovely (1997)
2.683633432560156,Milk Money (1994)
2.6836217910012206,"Doom Generation, The (1995)"
2.682189245398686,Diabolique (1996)
2.679109629894422,Wolf (1994)
2.678315300034575,Even Cowgirls Get the Blues (1993)
2.677290324479495,Suture (1993)
2.6752785908151204,Bliss (1997)
2.6731836064552947,"Glimmer Man, The (1996)"
2.6729393903469623,Terminal Velocity (1994)
2.6729143007596536,"Amityville Horror, The (1979)"
2.66343425258628,Frankie Starlight (1995)
2.66264443491736,Dear God (1996)
2.660825650549054,Hard Target (1993)
2.6585828306568744,Pete's Dragon (1977)
2.6560894218661604,"Pyromaniac's Love Story, A (1995)"
2.6543230328801806,Harriet the Spy (1996)
2.6539123988179365,"Relic, The (1997)"
2.653775236178831,Of Human Bondage (1934)
2.65365462581332,If Lucy Fell (1996)
2.6528755136998288,"Awfully Big Adventure, An (1995)"
2.6523298068004717,"Substitute, The (1996)"
2.651822045894077,Heaven & Earth (1993)
2.651603286591779,Sudden Death (1995)
2.6502427492279534,Days of Thunder (1990)
2.64981499748367,Chain Reaction (1996)
2.6488830823406113,Heidi Fleiss: Hollywood Madam (1995) 
2.6480410619060595,Trial by Jury (1994)
2.6416389596449936,Deceiver (1997)
2.638639957938719,First Kid (1996)
2.636396828972299,FairyTale: A True Story (1997)
2.635485517374289,Flubber (1997)
2.6334945361605318,Pocahontas (1995)
2.6293360752539416,"Walking Dead, The (1995)"
2.628771487138425,Heavy (1995)
2.6275179290587314,Bad Company (1995)
2.626857831042707,Village of the Damned (1995)
2.6196850377158603,"Low Down Dirty Shame, A (1994)"
2.619486800213628,Homeward Bound II: Lost in San Francisco (1996)
2.6120023059801616,"Thin Line Between Love and Hate, A (1996)"
2.6075328398973947,"Baby-Sitters Club, The (1995)"
2.6044247197000847,Frisk (1995)
2.602862323696947,Blood Beach (1981)
2.6006531984517487,Batman & Robin (1997)
2.5955656143571337,Surviving the Game (1994)
2.5909723435442045,Virtuosity (1995)
2.585650474172129,Eddie (1996)
2.581949969962255,George of the Jungle (1997)
2.5807754494954094,Down Periscope (1996)
2.578942536389247,Ace Ventura: When Nature Calls (1995)
2.5772560323484255,"Ballad of Narayama, The (Narayama Bushiko) (1958)"
2.5745732826776635,Batman Forever (1995)
2.5736834697323743,Cutthroat Island (1995)
2.5719399988492158,Spy Hard (1996)
2.569817401072159,No Escape (1994)
2.562840306011846,Blue Chips (1994)
2.5622329331184286,Legal Deceit (1997)
2.560879437809463,Bastard Out of Carolina (1996)
2.5592841974236835,Caro Diario (Dear Diary) (1994)
2.558552872399905,Wild Things (1998)
2.558158267503859,Money Train (1995)
2.5515042306053353,Sgt. Bilko (1996)
2.5470858432387478,City Slickers II: The Legend of Curly's Gold (1994)
2.5458344732096077,"Very Brady Sequel, A (1996)"
2.543984340873121,Female Perversions (1996)
2.5414478864027266,Two if by Sea (1996)
2.5406627916581472,Eye for an Eye (1996)
2.5406293496902967,Fled (1996)
2.5401403503984836,Half Baked (1998)
2.5369457236538495,"Getaway, The (1994)"
2.533806391170271,"Secret Agent, The (1996)"
2.5337427375481543,"Outlaw, The (1943)"
2.5329352007676005,Drop Zone (1994)
2.532916287818598,Hackers (1995)
2.5319208362922994,Madonna: Truth or Dare (1991)
2.5264226214366863,Fire Down Below (1997)
2.516551623879767,"Addiction, The (1995)"
2.5117481059940947,"Smile Like Yours, A (1997)"
2.5116441492955768,"Fog, The (1980)"
2.508477004909266,Daylight (1996)
2.5078565352106907,Event Horizon (1997)
2.503781713062792,Candyman (1992)
2.4998879308601274,Harlem (1993)
2.498731946584677,Grateful Dead (1995)
2.4974016694000007,Jack and Sarah (1995)
2.4965955758904426,Panther (1995)
2.494602622393741,"Road to Wellville, The (1994)"
2.4941793335594253,Lover's Knot (1996)
2.4933048022360453,Wishmaster (1997)
2.4888537863195954,Volcano (1997)
2.4877000038668418,"Phantom, The (1996)"
2.485921801084072,"Hunted, The (1995)"
2.480093404174456,Bean (1997)
2.4798212888663773,Excess Baggage (1997)
2.47830319429293,Son in Law (1993)
2.475875697926673,Mouse Hunt (1997)
2.474507858640872,Congo (1995)
2.4726907387424144,S.F.W. (1994)
2.469851166578316,Made in America (1993)
2.4667975206221446,Underground (1995)
2.4664855314157896,Deep Rising (1998)
2.4625785008893617,Weekend at Bernie's (1989)
2.458959360020108,Airheads (1994)
2.458395170161947,Fatal Instinct (1993)
2.45616172330946,Mary Reilly (1996)
2.4560116193440207,Black Sheep (1996)
2.449616513403692,Twilight (1998)
2.4489698693136237,"Van, The (1996)"
2.448904677436397,Color of Night (1994)
2.447389831792102,"Big Squeeze, The (1996)"
2.446299426785411,Shadow Conspiracy (1997)
2.4445313257097157,Barbarella (1968)
2.4402719232114793,Canadian Bacon (1994)
2.435411022514225,Street Fighter (1994)
2.433974194265056,Robin Hood: Men in Tights (1993)
2.4338461067472577,"Pallbearer, The (1996)"
2.4326555059444135,Heaven's Prisoners (1996)
2.4268339533935457,Audrey Rose (1977)
2.4262754173774925,Jaws 2 (1978)
2.4216799163633813,House Arrest (1996)
2.420458457498881,Under Siege 2: Dark Territory (1995)
2.4187207789943845,Man of the House (1995)
2.4176126171986176,Escape from L.A. (1996)
2.4155939029508593,"Cowboy Way, The (1994)"
2.4150899070337113,"Cable Guy, The (1996)"
2.4135008799736206,Rocket Man (1997)
2.4128671182962496,Cops and Robbersons (1994)
2.4124197938824596,Metisse (Café au Lait) (1993)
2.4075143413160354,Love and Death on Long Island (1997)
2.406750995856257,Senseless (1998)
2.4062178760803095,"Newton Boys, The (1998)"
2.3925242003825504,That Darn Cat! (1997)
2.3918931421334575,"Quest, The (1996)"
2.390454689884444,Stag (1997)
2.3881439023554774,In the Army Now (1994)
2.386858595331733,"Portrait of a Lady, The (1996)"
2.386713026639453,"Lawnmower Man, The (1992)"
2.3836388722039605,Hellraiser: Bloodline (1996)
2.378148187829483,Thinner (1996)
2.3774476195842666,Keys to Tulsa (1997)
2.3768875192175645,Stephen King's The Langoliers (1995)
2.3702430836884507,"Funeral, The (1996)"
2.3694982056190566,Major Payne (1994)
2.3643709111873252,"Evening Star, The (1996)"
2.3581730196925057,Larger Than Life (1996)
2.357579268144756,Fluke (1995)
2.3512919878546232,"Big Green, The (1995)"
2.344739276473296,Free Willy (1993)
2.3405344275776874,Vegas Vacation (1997)
2.3352130356207326,High School High (1996)
2.3291418891831404,Jury Duty (1995)
2.3147314835418267,Beverly Hills Cop III (1994)
2.3142079436401843,"Next Karate Kid, The (1994)"
2.313172213851755,That Darn Cat! (1965)
2.3014768210776895,"Secret Adventures of Tom Thumb, The (1993)"
2.29848344062663,Trial and Error (1997)
2.298126126121602,Romper Stomper (1992)
2.2961563145155792,Joe's Apartment (1996)
2.294478090223255,Fathers' Day (1997)
2.292288844251066,Another Stakeout (1993)
2.2871140553998144,Richie Rich (1994)
2.281888995576436,Striptease (1996)
2.280173453499423,Dracula: Dead and Loving It (1995)
2.2799449891839068,Jefferson in Paris (1995)
2.2708097813638557,North (1994)
2.270490158427527,Boxing Helena (1993)
2.2581403964656483,Mighty Morphin Power Rangers: The Movie (1995)
2.2493282913010324,Marked for Death (1990)
2.2468331037295015,Life with Mikey (1993)
2.238719943038472,Cabin Boy (1994)
2.23586977030023,Spice World (1997)
2.2348973350852313,Bad Moon (1996)
2.2271120385546697,Zeus and Roxanne (1997)
2.225070576229158,Tetsuo II: Body Hammer (1992)
2.2202774668550935,"Designated Mourner, The (1997)"
2.2137919918178763,Bloodsport 2 (1995)
2.2124942013429876,Sliver (1993)
2.201198967711446,Stranger in the House (1997)
2.200283482575985,Beverly Hills Ninja (1997)
2.197086854166221,Air Bud (1997)
2.192969252892283,Stuart Saves His Family (1995)
2.190560160710263,Coneheads (1993)
2.1878253386454083,Celtic Pride (1996)
2.1875629613396286,Star Trek V: The Final Frontier (1989)
2.1842385929591814,"Flintstones, The (1994)"
2.1818180405612586,"NeverEnding Story III, The (1994)"
2.178281729510982,Tales from the Hood (1995)
2.171712885981268,Operation Dumbo Drop (1995)
2.1576351251581984,"Rich Man's Wife, The (1996)"
2.1524385908777326,Double Team (1997)
2.136862002746334,Killer (Bulletproof Heart) (1994)
2.1318843398842016,Calendar Girl (1993)
2.12832199057142,Lord of Illusions (1995)
2.1272254683702774,"Specialist, The (1994)"
2.126409346316646,Turbulence (1997)
2.126063172653816,"Second Jungle Book: Mowgli & Baloo, The (1997)"
2.120845366436354,Mixed Nuts (1994)
2.120450444359341,Fair Game (1995)
2.1166294271286086,Gone Fishin' (1997)
2.1163847501120543,"Island of Dr. Moreau, The (1996)"
2.1152759448834377,Anaconda (1997)
2.1147894871785393,Steel (1997)
2.109107553725314,Barb Wire (1996)
2.1048101025299024,Halloween: The Curse of Michael Myers (1995)
2.101397075964149,Flipper (1996)
2.0995993178240746,Herbie Rides Again (1974)
2.097262315400077,Underworld (1997)
2.0959711301423893,For Richer or Poorer (1997)
2.095375385048011,"Pest, The (1997)"
2.0900146276821556,"Pagemaster, The (1994)"
2.0595398019670994,Jungle2Jungle (1997)
2.055410500256202,Mr. Jones (1993)
2.0501469555482337,Alaska (1996)
2.0491305684691126,Nil By Mouth (1997)
2.0353158673683707,Nadja (1994)
2.0316508163927818,Sunset Park (1996)
2.0239525925502306,Kansas City (1996)
2.0176528804192504,"Beautician and the Beast, The (1997)"
2.0116950793799204,Showgirls (1995)
2.0101968656458413,Hideaway (1995)
2.00784205205904,"Believers, The (1987)"
2.005911286195363,Dunston Checks In (1996)
2.0048114195925457,Phantoms (1998)
2.0031706617605596,D3: The Mighty Ducks (1996)
2.0,"War at Home, The (1996)"
2.0,"Truth or Consequences, N.M. (1997)"
2.0,"Stars Fell on Henrietta, The (1995)"
2.0,Sprung (1997)
2.0,Small Faces (1995)
2.0,Shopping (1994)
2.0,"Sexual Life of the Belgians, The (1994)"
2.0,Safe Passage (1994)
2.0,Raw Deal (1948)
2.0,Nightwatch (1997)
2.0,"Niagara, Niagara (1997)"
2.0,Nemesis 2: Nebula (1995)
2.0,"Machine, The (1994)"
2.0,Little City (1998)
2.0,Last Summer in the Hamptons (1995)
2.0,Kika (1993)
2.0,Here Comes Cookie (1935)
2.0,Foreign Student (1994)
2.0,"Favor, The (1994)"
2.0,Etz Hadomim Tafus (Under the Domin Tree) (1994)
2.0,Dream Man (1995)
2.0,Crows and Sparrows (1949)
2.0,Coldblooded (1995)
2.0,Catwalk (1995)
2.0,Buddy (1997)
2.0,Being Human (1993)
2.0,Angel on My Shoulder (1946)
1.9948403013641578,Candyman: Farewell to the Flesh (1995)
1.983667528007136,Bad Girls (1994)
1.9806323836880837,"Beverly Hillbillies, The (1993)"
1.9782744010617355,All Dogs Go to Heaven 2 (1996)
1.976243501850412,Guilty as Sin (1993)
1.9762185429863837,Booty Call (1997)
1.9666241362582977,Chasers (1994)
1.9640649620101547,Speed 2: Cruise Control (1997)
1.9627306548819439,Original Gangstas (1996)
1.9526751375458966,Grease 2 (1982)
1.9513527818916083,"Tie That Binds, The (1995)"
1.9482630617989891,Twin Town (1997)
1.9480525935502027,McHale's Navy (1997)
1.943138731659808,Highlander III: The Sorcerer (1994)
1.9374836386452357,"Crow: City of Angels, The (1996)"
1.9140098630831566,Striking Distance (1993)
1.9129409191112574,"Neon Bible, The (1995)"
1.9049467725678337,Mr. Wrong (1996)
1.9048615168827068,Super Mario Bros. (1993)
1.9003146460893077,Solo (1996)
1.897920661682744,Mortal Kombat: Annihilation (1997)
1.8476904226060387,Vermin (1998)
1.8467026630855208,Jingle All the Way (1996)
1.8381009716897607,Kazaam (1996)
1.8315736265412774,Tough and Deadly (1995)
1.8201605305317248,Bio-Dome (1996)
1.8194573599976067,Big Bully (1996)
1.8186846332355813,House Party 3 (1994)
1.8079859730783974,Vampire in Brooklyn (1995)
1.8037746428908454,Mad Love (1995)
1.802762009590388,Free Willy 2: The Adventure Home (1995)
1.8027410111992144,Land Before Time III: The Time of the Great Giving (1995) (V)
1.7938318048557274,Lassie (1994)
1.7691507228617624,Ill Gotten Gains (1997)
1.759856759266116,Bent (1997)
1.748665463555643,"Ciao, Professore! (1993)"
1.7188963065300338,B*A*P*S (1997)
1.7097730126982444,Poison Ivy II (1995)
1.7097080339980535,Heavyweights (1994)
1.6727943459936203,Robocop 3 (1993)
1.656222401260274,"Stupids, The (1996)"
1.6504085115828613,In the Realm of the Senses (Ai no corrida) (1976)
1.647630166353152,Ready to Wear (Pret-A-Porter) (1994)
1.635939412389258,White Man's Burden (1995)
1.6240389503446997,Naked in New York (1994)
1.5945575711429676,Talking About Sex (1994)
1.5542618734545308,"Paris, France (1993)"
1.545774138709911,Lawnmower Man 2: Beyond Cyberspace (1996)
1.5355196580466146,Jaws 3-D (1983)
1.526266004927722,Leave It to Beaver (1997)
1.4773369311485474,Phat Beach (1996)
1.4422759938534562,Getting Even with Dad (1994)
1.334303734952931,Mr. Magoo (1997)
1.3324169718121608,Amityville II: The Possession (1982)
1.3186656481649484,Body Parts (1991)
1.2878056592309644,Ed (1996)
1.2626398628069868,Chairman of the Board (1998)
1.2206700382542321,Dangerous Ground (1997)
1.1887778822784403,Home Alone 3 (1997)
1.17712192119283,Gilligan's Island: The Movie (1998)
1.1194931416772065,Bushwhacked (1995)
1.0737351828558996,Children of the Corn: The Gathering (1996)
1.0,Venice/Venice (1992)
1.0,Turbo: A Power Rangers Movie (1997)
1.0,Time Tracers (1995)
1.0,Theodore Rex (1995)
1.0,Temptress Moon (Feng Yue) (1996)
1.0,Sudden Manhattan (1996)
1.0,"Simple Wish, A (1997)"
1.0,Rough Magic (1995)
1.0,Relative Fear (1994)
1.0,Power 98 (1995)
1.0,Police Story 4: Project S (Chao ji ji hua) (1993)
1.0,Office Killer (1997)
1.0,"New Age, The (1994)"
1.0,"Mostro, Il (1994)"
1.0,"Modern Affair, A (1995)"
1.0,"Mighty, The (1998)"
1.0,Men of Means (1998)
1.0,Mat' i syn (1997)
1.0,King of New York (1990)
1.0,Gordy (1995)
1.0,Girl in the Cadillac (1995)
1.0,Getting Away With Murder (1996)
1.0,Falling in Love Again (1980)
1.0,Country Life (1994)
1.0,Castle Freak (1995)
1.0,"Bloody Child, The (1996)"
1.0,Beyond Bedlam (1993)
1.0,Best of the Best 3: No Turning Back (1995)
1.0,"Babysitter, The (1995)"
1.0,Amityville: Dollhouse (1996)
1.0,Amityville: A New Generation (1993)
1.0,"Amityville Curse, The (1990)"
1.0,Amityville 3-D (1983)
1.0,Amityville 1992: It's About Time (1992)
1.0,3 Ninjas: High Noon At Mega Mountain (1998)
